method,run,seed,evaluations,best_value,x1,x2,x3,x4,x5
ga_base,1,20261001,5901,355.32959806487474,421.08114087317125,-302.67629267317295,-302.65774901684546,420.7614560401261,-302.38786368819785
ga_base,2,20261002,5901,236.9794495778658,-302.5739843587036,420.7808484093607,-302.9164468553314,421.67036592917566,420.6081005704387
ga_base,3,20261003,5901,118.44343229148035,-302.48647379838144,420.94734128567836,420.90180281231505,421.0313847090667,420.79684888560683
ga_base,4,20261004,5901,355.320497803978,-302.67565972416287,421.01858425728494,-302.55176278790765,-302.65212363754836,420.94065037973286
ga_base,5,20261005,5901,236.95564057458296,420.6199870812668,-301.8817244767365,-302.7280885162447,421.185512253325,420.95363234664956
ga_base,6,20261006,5901,454.0283090134567,420.8263394273173,-302.4844847503081,420.91432582769045,-302.3046440142097,203.6708071913971
ga_base,7,20261007,5901,236.9598539340966,-302.90391419074456,421.2257171152222,420.3127885271227,420.88523674426835,-302.6314049226443
ga_base,8,20261008,5901,236.8798445797238,-302.6385990224107,421.03651974465953,-302.44732791168633,420.97437145643715,421.0007330349995
ga_base,9,20261009,5901,120.65814170609201,424.10136989626517,420.15371517003763,-302.3521281887075,423.62058431435213,420.76845540888644
ga_base,10,20261010,5901,0.04974623088946828,421.0266992249851,420.8383621034168,420.7266860722535,421.1337556118509,420.4324430810239
ga_base,11,20261011,5901,236.98561780297268,420.63488901980446,-301.6860845130508,-302.7193301367166,421.0433189971308,420.92316878831286
ga_base,12,20261012,5901,118.60708654072619,-302.26990656941723,420.63759867976677,420.4648202090047,421.17108228666183,420.03737487538706
ga_base,13,20261013,5901,118.43880134730443,421.02229106542626,420.97895646461575,420.9735171627619,-302.51205482226186,420.96292462252944
ga_base,14,20261014,5901,473.775821492344,-302.7014884981466,420.8726439157298,-302.5841368075786,-302.8893360118727,-302.5066698895322
ga_base,15,20261015,5901,118.45529864617424,421.11999022435623,421.06310199587995,421.2038873007004,420.9282924113477,-302.7371937642952
ga_base,16,20261016,5901,236.87937578386664,-302.51958688168133,421.0777163675416,420.9249025312092,-302.569293217821,420.8970217539137
ga_base,17,20261017,5901,118.50710845995695,421.54461610964495,-302.344348015136,420.9580346566835,420.5454497353485,420.93975977464453
ga_base,18,20261018,5901,355.34825528931924,-302.68256605522083,421.405055246486,-302.3704714540167,420.818086299293,-302.4928233076127
ga_base,19,20261019,5901,236.88833261058699,-302.75683827302197,421.07513372233683,420.88915384182496,-302.41305587915423,421.0566665079231
ga_base,20,20261020,5901,236.8818058453071,-302.5557998173364,420.8842808927037,-302.51627591584304,420.78987683513157,420.97549774125923
ga_high_mutation,1,20261001,5901,362.3168586762497,419.5398241929418,-302.25903300153436,-301.99863149999896,413.66654644315065,-302.25958464222015
ga_high_mutation,2,20261002,5901,238.79049142272652,-301.44765198459856,420.3610406056374,-305.6819975772815,420.8885931889902,422.8691787089644
ga_high_mutation,3,20261003,5901,127.15951177163242,-301.3666119890273,422.1661396030475,428.3979236452319,420.83365915144714,417.6312508550411
ga_high_mutation,4,20261004,5901,356.2736548159887,-301.083667313174,421.93347852543064,-302.19264270320355,-301.2908349165349,419.25206736962446
ga_high_mutation,5,20261005,5901,189.26989465630436,414.4068359377554,433.4748832352569,404.43996535199864,-300.49030619975946,430.49632654982287
ga_high_mutation,6,20261006,5901,6.2394343386208675,424.57955332434096,422.6462198669886,425.5499022041503,417.56664209519306,421.98328668407976
ga_high_mutation,7,20261007,5901,339.21869251453904,202.48639174996777,419.5101037021608,423.36133439684966,417.71032789048604,-299.59101960543524
ga_high_mutation,8,20261008,5901,238.0352808832588,419.7177195951806,-300.89309452251194,418.85130540527905,420.6849557682387,-303.14661622122884
ga_high_mutation,9,20261009,5901,121.35164233444402,423.3039102036663,418.5410150519202,-305.0090138583293,422.8210148530269,419.5146703822018
ga_high_mutation,10,20261010,5901,126.8688389742631,-299.5489779356125,416.9132635830148,426.4912161392921,421.7250747065659,417.7338318666319
ga_high_mutation,11,20261011,5901,244.4938728742684,421.23779939400345,-300.13733104109696,-308.27588511485186,425.1719643799949,422.88728328667673
ga_high_mutation,12,20261012,5901,126.20738018707084,413.77448479555596,-301.9168597687224,418.7782680484627,418.84940333531665,421.6312085832574
ga_high_mutation,13,20261013,5901,245.02788525146434,-299.5947414861529,415.81260955449807,-300.1014675542021,419.3941849718427,425.5648675062358
ga_high_mutation,14,20261014,5901,508.43940121506284,-306.87740765858894,414.3680532635379,-290.70309970478996,-305.96276924383324,-310.42420259453667
ga_high_mutation,15,20261015,5901,362.7242441493122,426.5211328433281,-306.61947409148235,-302.6137955802211,419.70427642214287,-299.45762908822826
ga_high_mutation,16,20261016,5901,239.20752003823327,-302.67996036779573,420.8744708427744,420.40596598181753,-299.0335107676421,418.53407611272064
ga_high_mutation,17,20261017,5901,127.84832158046015,418.99183975647134,-305.76208781137683,417.5586772578347,424.95486942462594,415.245109179306
ga_high_mutation,18,20261018,5901,361.68980197230803,-297.21392283185793,422.54413742110967,-303.3360896120979,421.0059790387089,-306.89666693074577
ga_high_mutation,19,20261019,5901,240.30958276466322,-302.5212549030663,424.7292210815914,420.0819348073889,-303.33205489682626,417.55766319897526
ga_high_mutation,20,20261020,5901,239.41208676523706,-301.14027329780447,424.0710348392071,-303.35482801149783,419.4992301790433,418.5820609587007
random_search,1,20261001,5901,534.18466503323,-300.5752541772987,430.4872729459911,436.05312017942026,-331.2990050576051,457.0513812629508
random_search,2,20261002,5901,431.59291172259327,425.25947488427107,-289.4917470522296,417.3314649646161,406.9907163261047,468.8862349350833
random_search,3,20261003,5901,550.5916349692038,399.29274662822,400.43105780655924,416.11116003745883,407.59192047988654,-483.85430572403385
random_search,4,20261004,5901,515.0054938045746,433.09313249951936,-290.6289739151072,-286.36670969597077,393.53547526534874,-299.68844938990225
random_search,5,20261005,5901,639.3976621811796,87.08431814926678,408.2072473580033,439.06235525508475,454.4295536384186,436.9066880462358
random_search,6,20261006,5901,525.8457395931423,431.61431086411983,-267.6451906329604,-303.8812658040242,-313.47175549308884,425.6081291321783
random_search,7,20261007,5901,507.8250277781963,422.55140496034414,452.3780293319504,396.64669987646346,-327.5809574975713,-306.20520988971833
random_search,8,20261008,5901,672.2948507288152,402.6392104551518,-316.03994262342735,348.7371215468296,423.4445695598771,412.5024795181845
random_search,9,20261009,5901,628.3990888935145,403.8743239378698,416.8125599287831,419.51926197760145,-278.28865905776365,-155.0175138149611
random_search,10,20261010,5901,596.9824430671358,399.93913905164436,432.93750111170027,458.1913366975897,424.2099581372348,-147.34039722325787
random_search,11,20261011,5901,635.9425478323581,-100.6208463712046,205.15016086821583,438.0420999046431,417.05136459478365,408.7867214878863
random_search,12,20261012,5901,421.20765168338016,427.0286038451454,411.5422409161871,-323.3551720324316,411.4006110411631,376.41553949336765
random_search,13,20261013,5901,764.0571396404819,-313.63149601430496,443.80620927016264,398.9304900036284,-329.1884080732898,230.06203861630706
random_search,14,20261014,5901,638.3450309785424,465.46285625614087,448.0429658946234,460.9093579356597,405.1760727550969,392.3988949412309
random_search,15,20261015,5901,428.8045007991054,441.54482895937895,419.873788656991,443.7673619437704,393.01151261997484,201.63282910627493
random_search,16,20261016,5901,574.2197399167187,430.335381276951,399.2193038237971,-298.6630014244761,408.67799447346783,478.76789447459714
random_search,17,20261017,5901,480.24682862698864,-326.3526252102587,414.96863290594126,414.1778032150796,441.2351928361978,375.43572941443085
random_search,18,20261018,5901,507.11195408169624,389.08461289931176,453.01549614574844,428.82766780665736,-314.3036169629222,-302.9927302653779
random_search,19,20261019,5901,648.3830712871654,59.890566284450756,433.89634941938743,218.3297389710575,434.81159637242547,421.81952028557316
random_search,20,20261020,5901,514.3300701405519,401.31896154510287,444.69905979961277,409.12688796630334,-494.71734320207594,394.62415716898374
